-- MySQL dump 10.13  Distrib 8.0.44, for Win64 (x86_64)
--
-- Host: localhost    Database: university_erp_db
-- ------------------------------------------------------
-- Server version	8.0.44

/*!40101 SET @OLD_CHARACTER_SET_CLIENT=@@CHARACTER_SET_CLIENT */;
/*!40101 SET @OLD_CHARACTER_SET_RESULTS=@@CHARACTER_SET_RESULTS */;
/*!40101 SET @OLD_COLLATION_CONNECTION=@@COLLATION_CONNECTION */;
/*!50503 SET NAMES utf8mb4 */;
/*!40103 SET @OLD_TIME_ZONE=@@TIME_ZONE */;
/*!40103 SET TIME_ZONE='+00:00' */;
/*!40014 SET @OLD_UNIQUE_CHECKS=@@UNIQUE_CHECKS, UNIQUE_CHECKS=0 */;
/*!40014 SET @OLD_FOREIGN_KEY_CHECKS=@@FOREIGN_KEY_CHECKS, FOREIGN_KEY_CHECKS=0 */;
/*!40101 SET @OLD_SQL_MODE=@@SQL_MODE, SQL_MODE='NO_AUTO_VALUE_ON_ZERO' */;
/*!40111 SET @OLD_SQL_NOTES=@@SQL_NOTES, SQL_NOTES=0 */;

--
-- Table structure for table `courses`
--

DROP TABLE IF EXISTS `courses`;
/*!40101 SET @saved_cs_client     = @@character_set_client */;
/*!50503 SET character_set_client = utf8mb4 */;
CREATE TABLE `courses` (
  `course_id` int NOT NULL AUTO_INCREMENT,
  `code` varchar(20) NOT NULL,
  `title` varchar(255) NOT NULL,
  `credits` int DEFAULT NULL,
  PRIMARY KEY (`course_id`),
  UNIQUE KEY `code` (`code`)
) ENGINE=InnoDB AUTO_INCREMENT=6 DEFAULT CHARSET=utf8mb4 COLLATE=utf8mb4_0900_ai_ci;
/*!40101 SET character_set_client = @saved_cs_client */;

--
-- Dumping data for table `courses`
--

LOCK TABLES `courses` WRITE;
/*!40000 ALTER TABLE `courses` DISABLE KEYS */;
INSERT INTO `courses` VALUES (1,'CS101','Intro to Computer Science',4),(2,'DSN202','Design Thinking',3),(3,'MTH211','PNS',4),(4,'spp','social',4),(5,'SOS','202',4);
/*!40000 ALTER TABLE `courses` ENABLE KEYS */;
UNLOCK TABLES;

--
-- Table structure for table `enrollments`
--

DROP TABLE IF EXISTS `enrollments`;
/*!40101 SET @saved_cs_client     = @@character_set_client */;
/*!50503 SET character_set_client = utf8mb4 */;
CREATE TABLE `enrollments` (
  `enrollment_id` int NOT NULL AUTO_INCREMENT,
  `student_id` int DEFAULT NULL,
  `section_id` int DEFAULT NULL,
  `status` varchar(50) DEFAULT 'Enrolled',
  PRIMARY KEY (`enrollment_id`),
  UNIQUE KEY `student_id` (`student_id`,`section_id`),
  KEY `section_id` (`section_id`),
  CONSTRAINT `enrollments_ibfk_1` FOREIGN KEY (`student_id`) REFERENCES `students` (`user_id`),
  CONSTRAINT `enrollments_ibfk_2` FOREIGN KEY (`section_id`) REFERENCES `sections` (`section_id`)
) ENGINE=InnoDB AUTO_INCREMENT=16 DEFAULT CHARSET=utf8mb4 COLLATE=utf8mb4_0900_ai_ci;
/*!40101 SET character_set_client = @saved_cs_client */;

--
-- Dumping data for table `enrollments`
--

LOCK TABLES `enrollments` WRITE;
/*!40000 ALTER TABLE `enrollments` DISABLE KEYS */;
INSERT INTO `enrollments` VALUES (5,3,2,'Enrolled'),(6,4,2,'Enrolled'),(7,4,1,'Enrolled'),(9,4,3,'Enrolled'),(11,3,4,'Enrolled'),(14,3,3,'Enrolled'),(15,3,1,'Enrolled');
/*!40000 ALTER TABLE `enrollments` ENABLE KEYS */;
UNLOCK TABLES;

--
-- Table structure for table `grades`
--

DROP TABLE IF EXISTS `grades`;
/*!40101 SET @saved_cs_client     = @@character_set_client */;
/*!50503 SET character_set_client = utf8mb4 */;
CREATE TABLE `grades` (
  `grade_id` int NOT NULL AUTO_INCREMENT,
  `enrollment_id` int DEFAULT NULL,
  `component` varchar(100) DEFAULT NULL,
  `score` double DEFAULT NULL,
  `final_grade` varchar(10) DEFAULT NULL,
  `max_marks` double DEFAULT '100',
  `weightage` double DEFAULT '0',
  PRIMARY KEY (`grade_id`),
  UNIQUE KEY `idx_enroll_comp` (`enrollment_id`,`component`),
  CONSTRAINT `grades_ibfk_1` FOREIGN KEY (`enrollment_id`) REFERENCES `enrollments` (`enrollment_id`) ON DELETE CASCADE
) ENGINE=InnoDB AUTO_INCREMENT=7 DEFAULT CHARSET=utf8mb4 COLLATE=utf8mb4_0900_ai_ci;
/*!40101 SET character_set_client = @saved_cs_client */;

--
-- Dumping data for table `grades`
--

LOCK TABLES `grades` WRITE;
/*!40000 ALTER TABLE `grades` DISABLE KEYS */;
INSERT INTO `grades` VALUES (1,5,'Quiz',88,'B-',100,20),(2,5,'Exam',77,'B-',100,80),(3,6,'Assignment',30,'C-',100,50),(4,6,'Exam',99,'C-',100,50),(5,7,'kuch',80,'F',100,20),(6,11,'quiz1',30,NULL,50,20);
/*!40000 ALTER TABLE `grades` ENABLE KEYS */;
UNLOCK TABLES;

--
-- Table structure for table `instructors`
--

DROP TABLE IF EXISTS `instructors`;
/*!40101 SET @saved_cs_client     = @@character_set_client */;
/*!50503 SET character_set_client = utf8mb4 */;
CREATE TABLE `instructors` (
  `user_id` int NOT NULL,
  `department` varchar(100) DEFAULT NULL,
  PRIMARY KEY (`user_id`),
  CONSTRAINT `instructors_ibfk_1` FOREIGN KEY (`user_id`) REFERENCES `university_auth_db`.`users_auth` (`user_id`)
) ENGINE=InnoDB DEFAULT CHARSET=utf8mb4 COLLATE=utf8mb4_0900_ai_ci;
/*!40101 SET character_set_client = @saved_cs_client */;

--
-- Dumping data for table `instructors`
--

LOCK TABLES `instructors` WRITE;
/*!40000 ALTER TABLE `instructors` DISABLE KEYS */;
INSERT INTO `instructors` VALUES (2,'Computer Science');
/*!40000 ALTER TABLE `instructors` ENABLE KEYS */;
UNLOCK TABLES;

--
-- Table structure for table `sections`
--

DROP TABLE IF EXISTS `sections`;
/*!40101 SET @saved_cs_client     = @@character_set_client */;
/*!50503 SET character_set_client = utf8mb4 */;
CREATE TABLE `sections` (
  `section_id` int NOT NULL AUTO_INCREMENT,
  `course_id` int DEFAULT NULL,
  `instructor_id` int DEFAULT NULL,
  `day_time` varchar(100) DEFAULT NULL,
  `room` varchar(50) DEFAULT NULL,
  `capacity` int DEFAULT NULL,
  `semester` varchar(50) DEFAULT NULL,
  `year` int DEFAULT NULL,
  PRIMARY KEY (`section_id`),
  KEY `course_id` (`course_id`),
  KEY `instructor_id` (`instructor_id`),
  CONSTRAINT `sections_ibfk_1` FOREIGN KEY (`course_id`) REFERENCES `courses` (`course_id`),
  CONSTRAINT `sections_ibfk_2` FOREIGN KEY (`instructor_id`) REFERENCES `instructors` (`user_id`)
) ENGINE=InnoDB AUTO_INCREMENT=7 DEFAULT CHARSET=utf8mb4 COLLATE=utf8mb4_0900_ai_ci;
/*!40101 SET character_set_client = @saved_cs_client */;

--
-- Dumping data for table `sections`
--

LOCK TABLES `sections` WRITE;
/*!40000 ALTER TABLE `sections` DISABLE KEYS */;
INSERT INTO `sections` VALUES (1,1,2,'MWF 10:00-10:50','A-101',50,'Monsoon',2025),(2,2,2,'TTh 14:00-15:20','C-205',30,'Monsoon',2025),(3,4,2,'Sat 10:00-10:50','c21',75,'Monsoon',2025),(4,5,2,'Mon 10:00-10:50, Wed 10:00-10:50','C301',1,'Monsoon',2025),(6,1,2,'Wed 10:00-10:50, Fri 10:00-10:50','C301',30,'Monsoon',2025);
/*!40000 ALTER TABLE `sections` ENABLE KEYS */;
UNLOCK TABLES;

--
-- Table structure for table `settings`
--

DROP TABLE IF EXISTS `settings`;
/*!40101 SET @saved_cs_client     = @@character_set_client */;
/*!50503 SET character_set_client = utf8mb4 */;
CREATE TABLE `settings` (
  `setting_key` varchar(100) NOT NULL,
  `setting_value` varchar(255) DEFAULT NULL,
  PRIMARY KEY (`setting_key`)
) ENGINE=InnoDB DEFAULT CHARSET=utf8mb4 COLLATE=utf8mb4_0900_ai_ci;
/*!40101 SET character_set_client = @saved_cs_client */;

--
-- Dumping data for table `settings`
--

LOCK TABLES `settings` WRITE;
/*!40000 ALTER TABLE `settings` DISABLE KEYS */;
INSERT INTO `settings` VALUES ('drop_deadline','2025-12-31'),('maintenance_on','false'),('registration_deadline','2025-12-31');
/*!40000 ALTER TABLE `settings` ENABLE KEYS */;
UNLOCK TABLES;

--
-- Table structure for table `students`
--

DROP TABLE IF EXISTS `students`;
/*!40101 SET @saved_cs_client     = @@character_set_client */;
/*!50503 SET character_set_client = utf8mb4 */;
CREATE TABLE `students` (
  `user_id` int NOT NULL,
  `roll_no` varchar(50) NOT NULL,
  `program` varchar(100) DEFAULT NULL,
  `year` int DEFAULT NULL,
  PRIMARY KEY (`user_id`),
  UNIQUE KEY `roll_no` (`roll_no`),
  CONSTRAINT `students_ibfk_1` FOREIGN KEY (`user_id`) REFERENCES `university_auth_db`.`users_auth` (`user_id`)
) ENGINE=InnoDB DEFAULT CHARSET=utf8mb4 COLLATE=utf8mb4_0900_ai_ci;
/*!40101 SET character_set_client = @saved_cs_client */;

--
-- Dumping data for table `students`
--

LOCK TABLES `students` WRITE;
/*!40000 ALTER TABLE `students` DISABLE KEYS */;
INSERT INTO `students` VALUES (3,'2024001','B.Tech CS',2),(4,'2024002','BTech CSD',1),(5,'2024201','btech',1);
/*!40000 ALTER TABLE `students` ENABLE KEYS */;
UNLOCK TABLES;
/*!40103 SET TIME_ZONE=@OLD_TIME_ZONE */;

/*!40101 SET SQL_MODE=@OLD_SQL_MODE */;
/*!40014 SET FOREIGN_KEY_CHECKS=@OLD_FOREIGN_KEY_CHECKS */;
/*!40014 SET UNIQUE_CHECKS=@OLD_UNIQUE_CHECKS */;
/*!40101 SET CHARACTER_SET_CLIENT=@OLD_CHARACTER_SET_CLIENT */;
/*!40101 SET CHARACTER_SET_RESULTS=@OLD_CHARACTER_SET_RESULTS */;
/*!40101 SET COLLATION_CONNECTION=@OLD_COLLATION_CONNECTION */;
/*!40111 SET SQL_NOTES=@OLD_SQL_NOTES */;

-- Dump completed on 2025-11-27 20:52:15
